06-10 20:41|0|20|0.821875|0.024||
|0|21|0.809375|0.018|22.109606742858887|
|0|22|0.8828125|0.026|9.190985202789308|
|0|23|0.9109375|0.018|9.651239156723022|
06-10 20:42|0|24|0.9109375|0.036|8.932875394821167|
|0|25|0.9109375|0.017|9.58122420310974|
|0|26|0.934375|0.026|8.748410940170288|
|0|27|0.9328125|0.032|9.603686571121216|
|0|28|0.934375|0.026|8.896270275115967|
|0|29|0.9390625|0.017|9.156944274902344|
06-10 20:43|0|30|0.9375|0.023|9.018898725509644|
|0|31|0.9375|0.031|9.05871295928955|
|0|32|0.9375|0.013|8.902181386947632|
|0|33|0.940625|0.017|9.850180387496948|
|0|34|0.940625|0.018|26.941745042800903|
06-10 20:44|0|35|0.940625|0.016|8.789855480194092|
|0|36|0.9578125|0.011|8.829933166503906|
|0|37|0.9578125|0.019|8.960395812988281|
06-10 20:46|0|38|0.96875|0.012|107.40678572654724|
|0|39|0.9734375|0.013|16.128066539764404|
|0|40|0.9609375|0.017|9.186821222305298|
06-10 20:47|0|41|0.9609375|0.023|22.653178691864014|
|0|42|0.9609375|0.022|9.556215047836304|
|0|43|0.95|0.011|8.921375274658203|
|0|44|0.95|0.021|8.772656917572021|
|0|45|0.9375|0.042|9.320831775665283|
|0|46|0.9375|0.041|9.384858131408691|
|0|47|0.9515625|0.027|9.228757619857788|
06-10 20:48|0|48|0.9515625|0.028|8.889229536056519|
|0|49|0.953125|0.022|17.83981466293335|
|0|50|0.953125|0.011|8.821794271469116|
|0|51|0.9671875|0.028|9.03474736213684|
|0|52|0.965625|0.016|8.872018814086914|
06-10 20:49|0|53|0.965625|0.031|8.70786166191101|
|0|54|0.965625|0.021|8.710212230682373|
|0|55|0.9640625|0.023|9.05236530303955|
|0|56|0.9640625|0.019|9.094302892684937|
|0|57|0.9640625|0.027|9.07849144935608|
|0|58|0.9640625|0.023|9.669427156448364|
|0|59|0.9640625|0.016|8.716749668121338|
06-10 20:50|0|60|0.9640625|0.022|8.516859531402588|
|0|61|0.9640625|0.034|8.959532737731934|
|0|62|0.9640625|0.033|8.717522621154785|
|0|63|0.9640625|0.041|8.819385290145874|
|0|64|0.9640625|0.033|8.774107694625854|
|0|65|0.9640625|0.028|9.403096675872805|
06-10 20:51|0|66|0.9640625|0.036|9.163189888000488|
|0|67|0.9640625|0.042|9.346542835235596|
|0|68|0.9640625|0.033|13.507270336151125|
|0|69|0.9640625|0.028|9.37425184249878|
|0|70|0.9640625|0.028|8.978035926818848|
|0|71|0.9640625|0.013|8.701108932495117|
06-10 20:52|0|72|0.946875|0.011|8.809922933578491|
|0|73|0.9625|0.024|9.120888471603394|
|0|74|0.9625|0.007|8.610275268554688|
|0|75|0.95625|0.041|13.435969352722168|
|0|76|0.95625|0.044|8.84721827507019|
|0|77|0.9578125|0.043|8.530255317687988|
06-10 20:53|0|78|0.9546875|0.026|8.566418647766113|
|0|79|0.9546875|0.032|8.837789535522461|
|0|80|0.9546875|0.021|8.69771957397461|
|0|81|0.953125|0.023|8.555484294891357|
|0|82|0.953125|0.037|13.736573457717896|
|0|83|0.95|0.026|8.413191556930542|
06-10 20:54|0|84|0.95|0.032|8.7107412815094|
|0|85|0.9546875|0.013|11.797040224075316|
|0|86|0.9546875|0.028|8.754429817199707|
|0|87|0.953125|0.031|8.620921611785889|
|0|88|0.953125|0.021|8.552499055862427|
|0|89|0.953125|0.026|8.439008951187134|
06-10 20:55|0|90|0.953125|0.046|16.663596630096436|
|0|91|0.95|0.032|13.290657997131348|
|0|92|0.95|0.038|25.877652883529663|
|0|93|0.9515625|0.042|9.30994725227356|
06-10 20:56|0|94|0.9328125|0.037|9.824851512908936|
|0|95|0.953125|0.042|9.36129069328308|
|0|96|0.953125|0.042|13.08507752418518|
|0|97|0.9625|0.042|27.826270818710327|
06-10 20:57|0|98|0.9625|0.028|44.44638180732727|
|0|99|0.9625|0.021|8.233988046646118|
06-10 20:58|0|100|0.9625|0.027|12.045578002929688|
|0|101|0.965625|0.021|12.387189865112305|
|0|102|0.9671875|0.026|12.19190764427185|
|0|103|0.96875|0.029|17.725733757019043|
06-10 20:59|0|104|0.96875|0.043|12.987929105758669|
|0|105|0.96875|0.037|9.201079607009888|
|0|106|0.96875|0.037|13.512936353683472|
|0|107|0.96875|0.037|8.783902406692505|
|0|108|0.96875|0.041|18.38515901565552|
06-10 21:00|0|109|0.96875|0.042|8.79729676246643|
|0|110|0.96875|0.038|12.932908296585085|
|0|111|0.96875|0.042|9.1591317653656|
|0|112|0.96875|0.027|12.867088317871094|
|0|113|0.96875|0.029|9.23218822479248|
06-10 21:01|0|114|0.96875|0.039|12.74388861656189|
|0|115|0.96875|0.042|8.906951665878296|
|0|116|0.96875|0.037|13.256603479385376|
|0|117|0.96875|0.032|13.2293701171875|
|0|118|0.96875|0.037|13.404840469360352|
06-10 21:02|0|119|0.96875|0.027|13.784375190734863|
|0|120|0.96875|0.027|13.417470693588257|
|0|121|0.96875|0.037|12.58593773841858|
|0|122|0.96875|0.028|21.269588470458984|
06-10 21:03|0|123|0.96875|0.029|13.90163254737854|
|0|124|0.96875|0.032|8.646058082580566|
|0|125|0.9484375|0.022|16.720725536346436|
|0|126|0.9484375|0.032|12.38078236579895|
|0|127|0.946875|0.027|12.372949361801147|
06-10 21:04|0|128|0.9484375|0.027|12.702780485153198|
|0|129|0.9484375|0.034|8.317885637283325|
|0|130|0.95|0.043|13.051270246505736|
|0|131|0.95|0.028|20.982267379760746|
06-10 21:05|0|132|0.95|0.037|20.866217136383057|
|0|133|0.95|0.029|13.140644311904907|
|0|134|0.95|0.032|11.959534645080566|
|0|135|0.95|0.028|12.208106756210327|
06-10 21:06|0|136|0.9515625|0.023|13.337347984313965|
|0|137|0.9515625|0.029|8.887366533279419|
|0|138|0.9515625|0.028|12.29122829437256|
|0|139|0.953125|0.028|12.879731893539429|
|0|140|0.953125|0.038|13.332768201828005|
06-10 21:07|0|141|0.9546875|0.042|8.574453115463257|
|0|142|0.953125|0.032|8.307132244110107|
|0|143|0.953125|0.037|8.35801386833191|
|0|144|0.953125|0.042|16.854961156845093|
|0|145|0.95625|0.022|8.113441705703735|
06-10 21:08|0|146|0.9609375|0.038|12.507467985153198|
|0|147|0.9625|0.028|8.355716705322266|
|0|148|0.9625|0.042|12.75718879699707|
|0|149|0.965625|0.037|13.054564237594604|
|0|150|0.965625|0.035|8.749678373336792|
|0|151|0.965625|0.032|8.201842069625854|
06-10 21:09|0|152|0.965625|0.037|12.428468465805054|
|0|153|0.965625|0.039|17.383256912231445|
|0|154|0.965625|0.028|13.399996519088743|
|0|155|0.965625|0.031|12.159006118774414|
06-10 21:10|0|156|0.965625|0.037|12.190017223358154|
|0|157|0.965625|0.032|8.203278541564941|
|0|158|0.965625|0.042|12.378691673278809|
|0|159|0.965625|0.024|12.485937356948853|
|0|160|0.965625|0.042|8.18257212638855|
|0|161|0.965625|0.032|7.795661211013794|
06-10 21:11|0|162|0.965625|0.042|12.672126293182371|
|0|163|0.965625|0.042|7.93478536605835|
|0|164|0.965625|0.043|8.308870315551758|
|0|165|0.965625|0.042|8.867995738983154|
|0|166|0.965625|0.037|7.9611735343933105|
|0|167|0.965625|0.038|8.22309923171997|
06-10 21:12|0|168|0.965625|0.034|8.032405138015747|
|0|169|0.965625|0.043|8.370853185653687|
|0|170|0.965625|0.037|12.905483722686768|
|0|171|0.965625|0.042|12.551905870437622|
|0|172|0.965625|0.037|8.197048425674438|
|0|173|0.9640625|0.043|8.787546873092651|
06-10 21:13|0|174|0.9609375|0.029|8.52488398551941|
|0|175|0.9609375|0.032|11.909589767456056|
|0|176|0.9609375|0.032|11.622377157211304|
|0|177|0.9609375|0.042|16.685628652572632|
|0|178|0.9609375|0.043|12.831652164459229|
06-10 21:14|0|179|0.9609375|0.039|8.015044450759888|
|0|180|0.9609375|0.043|26.161211013793945|
|0|181|0.9609375|0.033|12.311540365219116|
|0|182|0.9609375|0.043|12.060580730438232|
06-10 21:15|0|183|0.9609375|0.043|13.43947410583496|
06-10 21:16|0|184|0.9625|0.037|64.05816674232483|
|0|185|0.9625|0.049|11.734863996505736|
|0|186|0.9625|0.037|11.566891431808472|
|0|187|0.959375|0.035|11.916330575942991|
06-10 21:17|0|188|0.9609375|0.032|55.0226263999939|
06-10 21:18|0|189|0.959375|0.047|15.69200325012207|
|0|190|0.959375|0.034|11.90735363960266|
|0|191|0.9609375|0.038|7.725458860397339|
|0|192|0.9609375|0.037|27.559839248657227|
06-10 21:19|0|193|0.9609375|0.027|12.16873812675476|
|0|194|0.959375|0.042|11.988460540771484|
|0|195|0.959375|0.037|35.03159713745117|
06-10 21:20|0|196|0.959375|0.037|12.661742448806764|
|0|197|0.959375|0.038|13.06511902809143|
|0|198|0.9578125|0.043|12.405094861984251|
|0|199|0.9578125|0.038|8.7092125415802|
|0|200|0.95625|0.034|11.946535587310793|
06-10 21:21|0|201|0.9546875|0.037|31.319222927093502|
|0|202|0.95625|0.043|11.721675634384155|
|0|203|0.9546875|0.043|12.863404512405396|
06-10 21:22|0|204|0.953125|0.038|33.17987632751465|
|0|205|0.9546875|0.043|20.906872987747192|
06-10 21:23|0|206|0.9546875|0.039|38.91985297203064|
|0|207|0.9546875|0.043|24.03144073486328|
06-10 21:24|0|208|0.9890625|0.038|25.226622343063354|
|0|209|0.9890625|0.033|24.8827440738678|
06-10 21:25|0|210|0.9890625|0.043|19.288172006607056|
|0|211|0.9890625|0.043|12.11759066581726|
|0|212|0.9890625|0.035|30.697295904159542|
|0|213|0.9890625|0.038|11.86635947227478|
06-10 21:26|0|214|0.9890625|0.038|11.265010833740234|
|0|215|0.9890625|0.043|11.900425910949709|
|0|216|0.9890625|0.038|26.313842058181763|
06-10 21:27|0|217|0.9890625|0.048|61.99931859970093|
06-10 21:28|0|218|0.9890625|0.04|56.08541464805603|
06-10 21:29|0|219|0.9921875|0.038|23.07619285583496|
06-10 21:30|0|220|0.9921875|0.04|63.25293946266174|
|0|221|0.9921875|0.053|31.459015130996704|
06-10 21:31|0|222|0.9875|0.033|15.230290174484251|
|0|223|0.9875|0.043|19.090229272842407|
|0|224|0.9890625|0.043|18.873204469680783|
06-10 21:32|0|225|0.9921875|0.045|50.40430021286011|
06-10 21:33|0|226|0.9921875|0.043|54.52111196517944|
|0|227|0.9921875|0.044|12.510881185531616|
|0|228|0.9921875|0.049|11.94982361793518|
06-10 21:34|0|229|0.9890625|0.022|12.187444925308228|
|0|230|0.9890625|0.03|11.423803567886353|
|0|231|0.9890625|0.034|11.505619049072266|
|0|232|0.990625|0.028|11.837459087371826|
|0|233|0.9890625|0.038|7.713497877120972|
06-10 21:35|0|234|0.9890625|0.03|12.7646164894104|
|0|235|0.9875|0.029|11.657984972000122|
|0|236|0.9875|0.033|11.173730611801147|
|0|237|0.9859375|0.028|11.859288454055786|
|0|238|0.9859375|0.033|11.556087732315063|
06-10 21:36|0|239|0.984375|0.04|11.817808866500854|
|0|240|0.984375|0.039|11.69373869895935|
|0|241|0.9859375|0.043|12.716466665267944|
|0|242|0.9859375|0.039|12.279292106628418|
|0|243|0.9859375|0.038|8.604941368103027|
06-10 21:37|0|244|0.984375|0.042|11.520616054534912|
|0|245|0.984375|0.044|12.704218864440918|
|0|246|0.984375|0.034|12.536029577255247|
|0|247|0.984375|0.039|12.451065301895142|
|0|248|0.9859375|0.045|11.824561595916748|
06-10 21:38|0|249|0.9859375|0.044|11.656661033630373|
|0|250|0.9859375|0.044|12.271677017211914|
|0|251|0.9859375|0.049|12.663480043411257|
|0|252|0.9859375|0.049|8.235840559005737|
|0|253|0.9859375|0.049|11.385788440704346|
06-10 21:39|0|254|0.9859375|0.049|12.082496166229248|
|0|255|0.9859375|0.035|11.96311330795288|
|0|256|0.9859375|0.023|11.559300184249878|
|0|257|0.9859375|0.023|11.569981575012209|
|0|258|0.9859375|0.043|11.189998626708984|
|0|259|0.9859375|0.043|7.183151960372925|
06-10 21:40|0|260|0.9859375|0.038|11.107184410095217|
|0|261|0.9859375|0.038|11.357545375823976|
|0|262|0.9859375|0.028|11.921125173568726|
|0|263|0.9859375|0.04|11.459716081619264|
06-10 21:41|0|264|0.9859375|0.043|14.46433162689209|
|0|265|0.9859375|0.043|14.945303916931152|
|0|266|0.9859375|0.035|11.55146622657776|
06-10 21:42|0|267|0.9859375|0.024|57.85725784301758|
|0|268|0.9859375|0.054|11.001258373260498|
|0|269|0.9859375|0.048|18.484818935394287|
06-10 21:43|0|270|0.9859375|0.05|15.36572527885437|
|0|271|0.9859375|0.039|11.255906581878662|
|0|272|0.9859375|0.043|22.70288848876953|
|0|273|0.9859375|0.043|11.30082941055298|
06-10 21:44|0|274|0.9859375|0.048|8.152459859848022|
|0|275|0.9859375|0.038|14.66246771812439|
|0|276|0.9859375|0.048|15.751485586166382|
|0|277|0.9859375|0.048|19.97646403312683|
06-10 21:45|0|278|0.9859375|0.05|8.154919862747192|
|0|279|0.9859375|0.043|8.030151128768921|
|0|280|0.9859375|0.044|10.866559982299805|
|0|281|0.9859375|0.046|19.36884379386902|
|0|282|0.9859375|0.044|11.323816776275637|
06-10 21:46|0|283|0.9859375|0.049|12.317843675613403|
|0|284|0.9859375|0.044|11.857425928115845|
|0|285|0.9859375|0.045|11.422635555267334|
|0|286|0.9859375|0.047|11.66882586479187|
|0|287|0.9859375|0.042|11.327075719833374|
06-10 21:47|0|288|0.9859375|0.033|10.984216451644896|
|0|289|0.9859375|0.028|10.882910966873167|
|0|290|0.9859375|0.045|10.91237497329712|
|0|291|0.9859375|0.045|11.146814823150637|
|0|292|0.9859375|0.049|10.664358139038086|
06-10 21:48|0|293|0.9859375|0.041|11.337336301803589|
|0|294|0.9859375|0.04|11.785180807113647|
|0|295|0.9859375|0.038|11.221895933151243|
|0|296|0.9859375|0.033|10.702115774154665|
|0|297|0.9859375|0.035|10.844526767730711|
06-10 21:49|0|298|0.9859375|0.049|10.576313018798828|
|0|299|0.9859375|0.049|10.609334230422974|
|0|300|0.9859375|0.049|11.256991386413574|
|0|301|0.9859375|0.043|10.504917860031128|
|0|302|0.9859375|0.035|11.38131546974182|
06-10 21:50|0|303|0.9859375|0.038|10.644402265548706|
|0|304|0.9859375|0.044|10.556420803070068|
|0|305|0.9859375|0.04|10.95875096321106|
|0|306|0.9859375|0.042|10.336414337158203|
|0|307|0.9859375|0.049|12.186641931533812|
|0|308|0.9859375|0.04|11.473411798477173|
06-10 21:51|0|309|0.9859375|0.036|11.491148471832275|
|0|310|0.9859375|0.04|14.445739984512327|
|0|311|0.9859375|0.036|14.675244569778442|
|0|312|0.9859375|0.043|10.748014450073242|
06-10 21:52|0|313|0.9859375|0.039|13.961078882217407|
|0|314|0.9734375|0.025|17.108179807662964|
|0|315|0.9734375|0.049|10.943905353546144|
|0|316|0.978125|0.042|11.15754532814026|
|0|317|0.978125|0.047|10.900790214538574|
06-10 21:53|0|318|0.978125|0.029|10.72664999961853|
|0|319|0.978125|0.038|10.893359184265137|
|0|320|0.978125|0.048|10.887250423431396|
|0|321|0.978125|0.04|10.720210075378418|
|0|322|0.978125|0.04|10.528355598449709|
06-10 21:54|0|323|0.978125|0.045|11.11701488494873|
|0|324|0.978125|0.035|10.825339078903198|
|0|325|0.978125|0.037|10.739799737930298|
|0|326|0.978125|0.03|10.119284391403198|
|0|327|0.978125|0.049|10.415217161178589|
06-10 21:55|0|328|0.978125|0.045|10.886077642440796|
|0|329|0.978125|0.033|10.715386152267456|
|0|330|0.978125|0.033|6.712702035903931|
|0|331|0.9609375|0.043|10.558212518692017|
|0|332|0.9609375|0.049|10.767207384109495|
|0|333|0.9609375|0.044|10.639506816864014|
06-10 21:56|0|334|0.9609375|0.055|14.726054906845093|
|0|335|0.9609375|0.018|10.492321014404297|
|0|336|0.9609375|0.049|10.84296464920044|
|0|337|0.9609375|0.038|11.177002906799316|
|0|338|0.9609375|0.023|13.689392328262327|
06-10 21:57|0|339|0.9609375|0.049|13.73928189277649|
|0|340|0.9609375|0.045|11.640944719314575|
|0|341|0.9671875|0.03|10.13934874534607|
|0|342|0.9671875|0.035|10.483279705047607|
|0|343|0.9671875|0.042|10.397411584854126|
06-10 21:58|0|344|0.9671875|0.047|13.88964056968689|
|0|345|0.9671875|0.053|10.404760599136353|
|0|346|0.96875|0.038|11.237038135528564|
|0|347|0.96875|0.04|10.370529651641846|
|0|348|0.96875|0.056|11.153352737426758|
06-10 21:59|0|349|0.96875|0.049|10.7262761592865|
|0|350|0.96875|0.05|11.255837202072144|
|0|351|0.96875|0.036|10.251147985458374|
|0|352|0.96875|0.044|10.17930555343628|
|0|353|0.9765625|0.044|11.065558671951294|
06-10 22:00|0|354|0.971875|0.035|14.040586948394775|
|0|355|0.971875|0.048|10.23540735244751|
|0|356|0.971875|0.05|10.273503065109251|
|0|357|0.971875|0.049|11.03946018218994|
|0|358|0.971875|0.049|11.045817136764526|
|0|359|0.971875|0.049|10.560083389282228|
06-10 22:01|0|360|0.971875|0.05|10.727120637893677|
|0|361|0.971875|0.05|9.72828459739685|
|0|362|0.98125|0.038|10.841185092926024|
|0|363|0.98125|0.05|10.65591025352478|
|0|364|0.98125|0.049|10.809593677520752|
06-10 22:02|0|365|0.98125|0.044|11.195690393447876|
|0|366|0.98125|0.05|11.030352592468262|
|0|367|0.98125|0.055|10.585060358047484|
|0|368|0.98125|0.04|9.850830554962158|
|0|369|0.98125|0.044|7.018733024597168|
|0|370|0.9765625|0.049|13.954062461853027|
06-10 22:03|0|371|0.9765625|0.049|18.04679918289185|
|0|372|0.9765625|0.049|10.931931734085085|
|0|373|0.9765625|0.045|16.796875953674316|
|0|374|0.975|0.035|10.154914140701294|
06-10 22:04|0|375|0.975|0.046|10.205867052078249|
|0|376|0.975|0.042|10.0348961353302|
|0|377|0.975|0.045|10.093729257583618|
|0|378|0.975|0.049|10.69054913520813|
|0|379|0.9734375|0.049|11.19525146484375|
06-10 22:05|0|380|0.965625|0.031|10.602274894714355|
|0|381|0.965625|0.043|20.553633213043213|
|0|382|0.965625|0.045|10.063811540603638|
|0|383|0.9609375|0.034|10.123002529144289|
|0|384|0.9484375|0.033|10.141924619674684|
06-10 22:06|0|385|0.9484375|0.034|9.882370471954346|
|0|386|0.9484375|0.046|9.99011778831482|
|0|387|0.9484375|0.038|9.940210342407228|
|0|388|0.9484375|0.035|10.21500325202942|
|0|389|0.9515625|0.033|10.29960560798645|
|0|390|0.9578125|0.035|9.872353076934814|
06-10 22:07|0|391|0.9578125|0.038|13.313467502593994|
|0|392|0.9578125|0.045|10.001701354980469|
|0|393|0.9578125|0.033|9.908862113952637|
|0|394|0.95625|0.048|10.67610788345337|
|0|395|0.9578125|0.029|10.789843797683716|
06-10 22:08|0|396|0.9578125|0.033|9.480674743652344|
|0|397|0.9578125|0.009|10.668667316436768|
|0|398|0.9578125|0.035|10.499003171920776|
|0|399|0.9640625|0.035|11.133427143096924|
|0|400|0.9640625|0.04|13.371280908584597|
06-10 22:09|0|401|0.9640625|0.044|10.824878931045532|
|0|402|0.9640625|0.023|10.015564918518066|
|0|403|0.9640625|0.033|9.807685613632202|
|0|404|0.9640625|0.049|9.734251499176024|
|0|405|0.9640625|0.041|10.089428424835203|
|0|406|0.9640625|0.048|10.11605739593506|
06-10 22:10|0|407|0.9640625|0.049|11.268954277038574|
|0|408|0.9640625|0.037|10.637658596038818|
|0|409|0.9640625|0.015|17.34472393989563|
|0|410|0.9640625|0.04|10.113541841506958|
06-10 22:11|0|411|0.965625|0.05|17.474040031433105|
|0|412|0.971875|0.039|9.949482202529907|
|0|413|0.96875|0.044|9.963381052017212|
|0|414|0.96875|0.04|9.661890745162964|
|0|415|0.96875|0.044|16.109949111938477|
|0|416|0.96875|0.039|9.843010187149048|
06-10 22:12|0|417|0.96875|0.045|9.792107820510864|
|0|418|0.971875|0.033|10.131347179412842|
|0|419|0.9671875|0.044|7.2115538120269775|
|0|420|0.9671875|0.039|10.38609743118286|
|0|421|0.9703125|0.052|10.101452589035034|
|0|422|0.9703125|0.048|9.77503538131714|
06-10 22:13|0|423|0.9703125|0.03|10.448054790496826|
|0|424|0.9703125|0.05|23.366267204284668|
|0|425|0.9703125|0.033|10.465813159942629|
|0|426|0.9703125|0.044|9.662846326828005|
06-10 22:14|0|427|0.9703125|0.035|9.77468752861023|
|0|428|0.9703125|0.034|15.638982772827148|
|0|429|0.9703125|0.033|9.439452171325684|
|0|430|0.9734375|0.044|9.554707527160645|
|0|431|0.9734375|0.05|9.67389154434204|
06-10 22:15|0|432|0.9734375|0.043|10.843083620071411|
|0|433|0.9734375|0.04|12.828514099121094|
|0|434|0.9734375|0.043|19.275085926055908|
|0|435|0.9734375|0.049|10.869345426559448|
|0|436|0.9734375|0.028|9.74884557723999|
06-10 22:16|0|437|0.9734375|0.044|15.505529403686523|
|0|438|0.971875|0.049|13.97838830947876|
|0|439|0.971875|0.049|11.125176429748535|
|0|440|0.9734375|0.041|9.961775541305542|
06-10 22:17|0|441|0.9734375|0.035|19.656983137130737|
|0|442|0.9734375|0.049|10.036923170089722|
|0|443|0.9734375|0.049|11.358923435211182|
|0|444|0.96875|0.049|11.102784633636476|
|0|445|0.96875|0.049|10.42988348007202|
06-10 22:18|0|446|0.9703125|0.039|10.842414140701294|
|0|447|0.9703125|0.049|10.635973930358888|
|0|448|0.9703125|0.049|10.002127170562744|
|0|449|0.9703125|0.05|9.796918869018556|
|0|450|0.9703125|0.033|10.176385879516602|
|0|451|0.9703125|0.034|9.222277641296388|
06-10 22:19|0|452|0.9703125|0.033|8.671993494033813|
|0|453|0.9703125|0.046|13.633442640304564|
|0|454|0.9703125|0.043|9.76149845123291|
|0|455|0.9703125|0.028|10.52204942703247|
|0|456|0.9703125|0.049|9.82960033416748|
06-10 22:20|0|457|0.9703125|0.035|9.240996360778809|
|0|458|0.9703125|0.044|10.07572102546692|
|0|459|0.9703125|0.034|9.738218307495115|
|0|460|0.9703125|0.028|8.834269285202026|
|0|461|0.9703125|0.044|8.677821636199951|
|0|462|0.9703125|0.032|9.396519660949709|
06-10 22:21|0|463|0.9703125|0.035|9.16033387184143|
|0|464|0.9703125|0.05|8.886086463928223|
|0|465|0.9703125|0.043|10.163304328918455|
|0|466|0.9703125|0.049|8.670713663101196|
|0|467|0.9703125|0.041|8.797009706497192|
|0|468|0.9703125|0.05|8.876091241836548|
|0|469|0.9703125|0.049|6.255831956863403|
06-10 22:22|0|470|0.9703125|0.029|8.621232032775879|
|0|471|0.9703125|0.051|9.064215183258057|
|0|472|0.9703125|0.035|9.59361720085144|
|0|473|0.9703125|0.059|8.700197696685791|
|0|474|0.9703125|0.009|8.401358127593994|
|0|475|0.9703125|0.044|9.112663507461548|
|0|476|0.9703125|0.048|8.31522536277771|
06-10 22:23|0|477|0.9703125|0.049|9.027226209640505|
|0|478|0.9703125|0.033|9.03355860710144|
|0|479|0.9703125|0.024|8.22829556465149|
|0|480|0.9703125|0.049|8.812389612197876|
|0|481|0.9703125|0.049|10.224814653396606|
|0|482|0.9703125|0.041|8.982450723648071|
06-10 22:24|0|483|0.9703125|0.05|44.25578784942627|
|0|484|0.9703125|0.038|11.675211191177368|
06-10 22:25|0|485|0.9703125|0.039|8.566078901290894|
|0|486|0.9703125|0.05|34.53556776046753|
|0|487|0.9703125|0.043|9.299487590789797|
|0|488|0.9703125|0.043|9.666270971298218|
06-10 22:26|0|489|0.9703125|0.049|18.936954736709595|
|0|490|0.9703125|0.044|8.930455684661865|
|0|491|0.9703125|0.035|22.423858165740967|
|0|492|0.971875|0.041|9.59348750114441|
06-10 22:27|0|493|0.971875|0.038|8.990418195724487|
|0|494|0.9734375|0.05|14.478617191314695|
|0|495|0.9734375|0.033|6.288734674453735|
|0|496|0.9734375|0.043|9.209238052368164|
|0|497|0.9734375|0.038|8.707395553588867|
|0|498|0.9734375|0.033|9.005082845687866|
06-10 22:28|0|499|0.971875|0.035|9.195377349853516|
|0|500|0.971875|0.046|9.044891119003296|
|0|501|0.971875|0.17|9.211092710494995|
|0|502|0.971875|0.16|31.75144362449646|
06-10 22:29|0|503|0.971875|0.18|9.96067762374878|
|0|504|0.971875|0.17|9.232781410217283|
|0|505|0.971875|0.186|23.16407585144043|
06-10 22:30|0|506|0.971875|0.185|26.55952763557434|
|0|507|0.971875|0.175|8.496047735214233|
|0|508|0.971875|0.402|9.805826663970947|
|0|509|0.971875|0.154|15.205810546875|
|0|510|0.971875|0.175|8.987759590148926|
06-10 22:31|0|511|0.971875|0.458|13.450053453445436|
|0|512|0.971875|0.024|8.973836898803711|
|0|513|0.971875|0.336|9.132055521011353|
|0|514|0.971875|0.156|8.928071737289429|
|0|515|0.971875|0.151|6.213826894760132|
|0|516|0.971875|0.224|11.987283945083618|
06-10 22:32|0|517|0.971875|0.165|9.10457181930542|
|0|518|0.971875|0.17|9.948850154876707|
|0|519|0.971875|0.169|9.324501514434814|
|0|520|0.971875|0.19|9.60759687423706|
|0|521|0.971875|0.17|9.243287563323976|
|0|522|0.971875|0.175|6.556764125823975|
06-10 22:33|0|523|0.971875|0.17|9.134791612625122|
|0|524|0.971875|0.17|8.169016599655151|
|0|525|0.971875|0.18|9.026901006698608|
|0|526|0.971875|0.059|8.896175146102905|
|0|527|0.971875|0.16|8.56618046760559|
|0|528|0.971875|0.293|9.769756317138672|
06-10 22:34|0|529|0.971875|0.17|8.99016809463501|
|0|530|0.971875|0.195|9.026189804077148|
|0|531|0.971875|0.18|9.63078999519348|
|0|532|0.971875|0.193|9.072489738464355|
|0|533|0.971875|0.009|20.237693786621094|
06-10 22:35|0|534|0.971875|0.459|9.47334885597229|
|0|535|0.971875|0.173|8.293798208236694|
|0|536|0.971875|0.175|9.13080382347107|
|0|537|0.971875|0.17|8.267261028289795|
|0|538|0.971875|0.165|9.74883508682251|
|0|539|0.971875|0.395|10.06774878501892|
06-10 22:36|0|540|0.971875|0.181|9.375658750534058|
|0|541|0.971875|0.16|8.91795301437378|
|0|542|0.971875|0.412|12.242732763290403|
|0|543|0.971875|0.149|8.715554475784302|
|0|544|0.971875|0.233|7.628993034362793|
06-10 22:37|0|545|0.971875|0.202|21.46580171585083|
|0|546|0.971875|0.163|17.697107076644897|
|0|547|0.971875|0.167|9.088838338851929|
|0|548|0.971875|0.023|9.697552919387816|
06-10 22:38|0|549|0.971875|0.252|16.163731336593628|
|0|550|0.971875|0.19|9.71591591835022|
|0|551|0.971875|0.164|18.61802649497986|
|0|552|0.971875|0.2|8.172492980957031|
|0|553|0.971875|0.349|8.453629493713379|
|0|554|0.971875|0.187|8.410423517227173|
06-10 22:39|0|555|0.971875|0.18|9.097132921218872|
|0|556|0.971875|0.447|9.75133180618286|
|0|557|0.971875|0.152|8.897877216339111|
|0|558|0.971875|0.135|9.24463176727295|
|0|559|0.971875|0.149|9.429447889328005|
|0|560|0.971875|0.161|9.0886812210083|
06-10 22:40|0|561|0.971875|0.141|8.884151935577393|
|0|562|0.975|0.007|8.040629625320435|
|0|563|0.975|0.178|8.764445066452026|
|0|564|0.975|0.152|8.727754831314087|
|0|565|0.975|0.199|8.523402452468872|
|0|566|0.9703125|0.17|8.450672388076782|
06-10 22:41|0|567|0.9703125|0.163|7.512057542800903|
|0|568|0.9703125|0.165|8.383826971054077|
|0|569|0.9703125|0.145|7.068255662918091|
|0|570|0.9703125|0.214|10.421627044677734|
|0|571|0.9703125|0.185|9.2964186668396|
|0|572|0.9703125|0.17|15.544092178344728|
06-10 22:42|0|573|0.9703125|0.216|11.389458179473875|
|0|574|0.9703125|0.224|8.59031081199646|
|0|575|0.9703125|0.235|10.878923654556274|
|0|576|0.9703125|0.175|11.132364749908447|
|0|577|0.9703125|0.125|9.291547298431396|
06-10 22:43|0|578|0.9703125|0.137|17.08803653717041|
|0|579|0.9703125|0.175|27.861141681671143|
|0|580|0.9703125|0.15|8.097830533981323|
|0|581|0.9703125|0.175|9.432196140289308|
06-10 22:44|0|582|0.9703125|0.314|21.024605989456177|
|0|583|0.9703125|0.023|8.706084251403809|
|0|584|0.9703125|0.238|17.38033938407898|
|0|585|0.9703125|0.463|7.951727390289307|
06-10 22:45|0|586|0.9703125|0.125|8.772740364074707|
|0|587|0.9703125|0.175|8.401695966720581|
|0|588|0.9703125|0.421|8.184788703918457|
|0|589|0.9703125|0.185|8.650949001312256|
|0|590|0.9703125|0.433|8.48145079612732|
|0|591|0.9703125|0.18|17.346567392349243|
06-10 22:46|0|592|0.9703125|0.17|9.316718101501465|
|0|593|0.9703125|0.245|8.806665658950806|
|0|594|0.9703125|0.169|18.95124173164368|
|0|595|0.9703125|0.206|7.9804065227508545|
|0|596|0.9703125|0.063|12.050238609313965|
06-10 22:47|0|597|0.9703125|0.146|8.2435302734375|
|0|598|0.9703125|0.171|8.817332029342651|
|0|599|0.9703125|0.13|8.798867464065552|
|0|600|0.9703125|0.135|8.956007480621338|
|0|601|0.9703125|0.141|18.891725778579712|
06-10 22:48|0|602|0.9703125|0.16|20.62500762939453|
|0|603|0.9703125|0.22|9.509748458862305|
|0|604|0.9703125|0.172|8.843068361282349|
|0|605|0.9703125|0.186|10.051453113555908|
|0|606|0.9703125|0.176|9.638352632522585|
06-10 22:49|0|607|0.9703125|0.194|7.664050579071045|
|0|608|0.9703125|0.521|8.315752029418945|
|0|609|0.9703125|0.151|8.568688869476318|
|0|610|0.9703125|0.178|7.700500249862671|
|0|611|0.9703125|0.25|18.24485969543457|
06-10 22:50|0|612|0.9703125|0.181|8.250612735748291|
|0|613|0.9703125|0.188|8.287022590637207|
|0|614|0.9703125|0.166|10.493781328201294|
|0|615|0.9703125|0.357|9.20536208152771|
|0|616|0.9703125|0.191|8.13538932800293|
|0|617|0.9703125|0.195|12.918958902359009|
06-10 22:51|0|618|0.9703125|0.247|8.639900922775269|
|0|619|0.9703125|0.18|12.300601243972778|
|0|620|0.9703125|0.147|8.585499286651611|
|0|621|0.9703125|0.31|17.132471084594727|
|0|622|0.9703125|0.219|8.838706254959106|
06-10 22:52|0|623|0.9703125|0.229|8.47568941116333|
|0|624|0.9703125|0.25|9.608784198760986|
|0|625|0.9703125|0.183|11.946675300598145|
|0|626|0.9703125|0.183|8.536104440689087|
|0|627|0.9703125|0.206|8.907085657119751|
|0|628|0.9703125|0.17|8.641833543777466|
06-10 22:53|0|629|0.9703125|0.181|21.68706059455872|
|0|630|0.9703125|0.182|9.339512348175049|
|0|631|0.9703125|0.356|8.898655891418457|
|0|632|0.9703125|0.049|13.3381609916687|
06-10 22:54|0|633|0.9703125|0.01|20.266847610473636|
|0|634|0.975|0.18|13.410245180130005|
|0|635|0.975|0.076|8.25266695022583|
|0|636|0.975|0.21|7.571228742599487|
|0|637|0.975|0.186|6.3157360553741455|
|0|638|0.975|0.206|9.197128534317017|
06-10 22:55|0|639|0.975|0.176|17.10448980331421|
|0|640|0.975|0.186|6.886863470077515|
|0|641|0.975|0.186|7.724463224411011|
|0|642|0.975|0.171|14.905680656433104|
|0|643|0.975|0.18|11.422835111618042|
06-10 22:56|0|644|0.9765625|0.171|8.236666202545166|
|0|645|0.9765625|0.173|12.823018312454224|
|0|646|0.9765625|0.171|7.387000560760498|
|0|647|0.9765625|0.075|8.057356119155884|
|0|648|0.9765625|0.206|8.351670742034912|
|0|649|0.9765625|0.186|8.593401908874512|
06-10 22:57|0|650|0.9765625|0.059|8.738806009292603|
|0|651|0.9765625|0.186|8.427488565444946|
|0|652|0.9765625|0.186|13.826128721237184|
|0|653|0.9765625|0.186|7.703027963638306|
|0|654|0.9765625|0.171|16.9403555393219|
06-10 22:58|0|655|0.9765625|0.077|7.5861546993255615|
|0|656|0.9765625|0.233|15.491405487060549|
|0|657|0.9765625|0.22|7.901234865188599|
|0|658|0.9765625|0.171|8.736843347549438|
|0|659|0.9765625|0.287|8.25581693649292|
|0|660|0.9765625|0.087|8.451921224594116|
06-10 22:59|0|661|0.9765625|0.056|8.580619096755981|
|0|662|0.9765625|0.157|8.519031763076782|
|0|663|0.9765625|0.175|9.01652455329895|
|0|664|0.9796875|0.18|8.24433183670044|
|0|665|0.9796875|0.142|8.083268642425537|
|0|666|0.98125|0.192|8.910214900970459|
|0|667|0.98125|0.211|7.314943075180054|
06-10 23:00|0|668|0.98125|0.161|6.560998439788818|
|0|669|0.98125|0.271|7.50512433052063|
|0|670|0.98125|0.16|7.745862245559692|
|0|671|0.98125|0.175|8.612439155578613|
|0|672|0.98125|0.166|8.231026887893677|
|0|673|0.98125|0.186|9.529971599578856|
06-10 23:01|0|674|0.98125|0.17|13.728038787841797|
|0|675|0.98125|0.181|6.461455583572388|
|0|676|0.98125|0.22|7.788323640823364|
|0|677|0.98125|0.158|8.262195587158203|
|0|678|0.98125|0.225|9.0172016620636|
|0|679|0.98125|0.175|12.229414463043211|
06-10 23:02|0|680|0.98125|0.112|14.864251136779783|
|0|681|0.98125|0.319|11.08958101272583|
|0|682|0.98125|0.196|8.802467107772827|
|0|683|0.98125|0.177|8.917799711227417|
|0|684|0.98125|0.182|8.372928857803345|
|0|685|0.98125|0.267|9.174118757247925|
06-10 23:03|0|686|0.98125|0.176|8.356345415115356|
|0|687|0.98125|0.203|8.627749919891357|
|0|688|0.98125|0.157|7.636803388595581|
|0|689|0.978125|0.055|16.711737155914307|
|0|690|0.978125|0.16|8.6402747631073|
|0|691|0.978125|0.258|9.83989715576172|
06-10 23:04|0|692|0.978125|0.309|11.925539493560793|
|0|693|0.978125|0.353|7.190678596496582|
|0|694|0.978125|0.163|6.59057879447937|
|0|695|0.978125|0.181|10.358187437057495|
|0|696|0.978125|0.227|13.253893375396729|
|0|697|0.978125|0.175|9.011710166931152|
06-10 23:05|0|698|0.978125|0.171|8.77348017692566|
|0|699|0.978125|0.172|8.464191436767578|
|0|700|0.978125|0.186|18.71925187110901|
|0|701|0.978125|0.24|5.65990138053894|
06-10 23:06|0|702|0.978125|0.252|25.060216903686523|
|0|703|0.978125|0.184|7.787565231323242|
|0|704|0.978125|0.156|8.31521463394165|
|0|705|0.978125|0.184|8.50920033454895|
|0|706|0.978125|0.257|8.519925832748413|
|0|707|0.978125|0.187|7.711537837982178|
06-10 23:07|0|708|0.978125|0.141|8.256468296051025|
|0|709|0.978125|0.146|11.998395681381226|
|0|710|0.9796875|0.482|5.069277763366699|
|0|711|0.9796875|0.231|13.329923152923584|
|0|712|0.9796875|0.22|8.296866178512573|
06-10 23:08|0|713|0.9796875|0.237|35.924235343933105|
|0|714|0.9796875|0.046|8.457058906555176|
|0|715|0.9796875|0.476|7.868454694747925|
|0|716|0.9796875|0.008|7.715413331985474|
|0|717|0.9796875|0.241|7.940411806106567|
06-10 23:09|0|718|0.9796875|0.191|5.949675559997559|
|0|719|0.9796875|0.171|8.333691358566284|
|0|720|0.9796875|0.629|8.818360328674316|
|0|721|0.9796875|0.025|6.28626823425293|
06-10 23:10|0|722|0.9796875|0.082|33.15486478805542|
|0|723|0.9796875|0.196|8.665350675582886|
|0|724|0.9796875|0.236|11.832288980484009|
|0|725|0.9796875|0.062|10.135756492614746|
|0|726|0.9796875|0.295|8.429733276367188|
|0|727|0.9796875|0.148|9.86815357208252|
06-10 23:11|0|728|0.9796875|0.257|8.797359704971313|
|0|729|0.9796875|0.572|11.309755563735962|
|0|730|0.9796875|0.187|13.392251014709473|
|0|731|0.9796875|0.191|8.367208480834961|
|0|732|0.9796875|0.191|6.191772699356079|
06-10 23:12|0|733|0.9796875|0.502|13.840717315673828|
|0|734|0.9796875|0.18|13.199840784072876|
|0|735|0.9796875|0.165|9.152271032333374|
|0|736|0.9796875|0.176|9.879601001739502|
|0|737|0.9796875|0.156|12.73076629638672|
06-10 23:13|0|738|0.9796875|0.238|15.743123054504396|
|0|739|0.9796875|0.192|6.119516134262085|
|0|740|0.9796875|0.055|13.722476720809937|
|0|741|0.9796875|0.286|6.301814317703247|
|0|742|0.9796875|0.256|8.37879204750061|
|0|743|0.9796875|0.181|8.13972783088684|
06-10 23:14|0|744|0.9796875|0.177|10.602920532226562|
|0|745|0.9796875|0.171|7.7785093784332275|
|0|746|0.9796875|0.178|6.833820104598999|
|0|747|0.9796875|0.213|8.392361164093018|
|0|748|0.9796875|0.316|6.351306915283203|
|0|749|0.9796875|0.171|7.857150316238403|
06-10 23:15|0|750|0.9796875|0.57|19.14393448829651|
|0|751|0.9796875|0.234|10.266428232192991|
|0|752|0.9796875|0.137|16.02754044532776|
|0|753|0.9796875|0.302|8.565046310424805|
|0|754|0.9796875|0.17|7.405423879623413|
06-10 23:16|0|755|0.9796875|0.193|15.80931520462036|
|0|756|0.9796875|0.223|8.338208198547363|
|0|757|0.9796875|0.191|8.009865522384644|
|0|758|0.9796875|0.204|8.388229846954346|
|0|759|0.9796875|0.224|8.25685977935791|
|0|760|0.9796875|0.02|7.779469966888428|
|0|761|0.9796875|0.171|8.108461856842041|
06-10 23:17|0|762|0.9796875|0.434|12.791062116622925|
|0|763|0.9796875|0.192|16.727876901626587|
|0|764|0.9796875|0.166|6.626903057098389|
|0|765|0.9796875|0.182|7.649657011032104|
|0|766|0.9796875|0.175|9.642728328704834|
06-10 23:18|0|767|0.9796875|0.171|11.983691692352297|
|0|768|0.9796875|0.541|8.912266969680786|
|0|769|0.9796875|0.258|4.84622597694397|
|0|770|0.9796875|0.634|9.303692102432253|
|0|771|0.9796875|0.117|8.196007490158081|
|0|772|0.9796875|0.202|7.663196325302124|
06-10 23:19|0|773|0.9796875|0.158|14.183465957641602|
|0|774|0.9796875|0.201|6.598480701446533|
|0|775|0.9796875|0.156|19.156222581863403|
|0|776|0.9796875|0.346|10.932523727416992|
|0|777|0.9796875|0.203|11.246131896972656|
06-10 23:20|0|778|0.9796875|0.177|6.65522313117981|
|0|779|0.9796875|0.17|8.725254774093628|
|0|780|0.9796875|0.325|10.948090076446531|
|0|781|0.9796875|0.176|5.616909027099609|
|0|782|0.9796875|0.182|7.323123693466186|
|0|783|0.9796875|0.207|9.14528489112854|
06-10 23:21|0|784|0.9796875|0.192|9.285112857818604|
|0|785|0.9796875|0.145|8.495920419692993|
|0|786|0.9796875|0.188|12.132694482803345|
|0|787|0.978125|0.182|7.532449960708618|
|0|788|0.978125|0.171|7.96734881401062|
|0|789|0.978125|0.499|6.672944307327271|
|0|790|0.978125|0.17|9.206650495529177|
06-10 23:22|0|791|0.978125|0.376|6.98289942741394|
|0|792|0.978125|0.206|8.732498168945312|
|0|793|0.978125|0.437|8.044453859329224|
|0|794|0.978125|0.21|8.237504959106445|
|0|795|0.978125|0.192|10.49770712852478|
06-10 23:23|0|796|0.978125|0.319|20.45422983169556|
|0|797|0.978125|0.177|7.061933755874634|
|0|798|0.98125|0.181|9.583548545837402|
|0|799|0.98125|0.204|6.081363916397095|
|0|800|0.98125|0.184|13.185689687728882|
|0|801|0.98125|0.468|8.477100133895874|
06-10 23:24|0|802|0.98125|0.195|8.730940341949463|
|0|803|0.98125|0.177|9.778156518936155|
|0|804|0.98125|0.188|12.816160917282104|
|0|805|0.98125|0.181|7.205517053604126|
|0|806|0.98125|0.4|7.091748952865601|
|0|807|0.98125|0.077|7.193463563919067|
|0|808|0.98125|0.197|8.896984577178955|
06-10 23:25|0|809|0.9796875|0.167|7.681260585784912|
|0|810|0.9796875|0.181|6.95224404335022|
|0|811|0.9796875|0.355|8.127793073654175|
|0|812|0.9796875|0.176|8.691865682601929|
|0|813|0.9796875|0.177|10.288724899291992|
|0|814|0.9796875|0.187|8.42445158958435|
06-10 23:26|0|815|0.9796875|0.178|8.092042446136475|
|0|816|0.9796875|0.186|7.176892518997192|
|0|817|0.978125|0.017|8.035052061080933|
|0|818|0.978125|0.279|8.346477508544922|
|0|819|0.978125|0.009|5.503611087799072|
|0|820|0.978125|0.147|11.726405620574951|
|0|821|0.978125|0.197|7.481239318847656|
|0|822|0.978125|0.172|4.804325103759766|
06-10 23:27|0|823|0.978125|0.404|6.348746538162232|
|0|824|0.978125|0.212|9.722800016403198|
|0|825|0.978125|0.169|7.786062955856323|
|0|826|0.978125|0.196|4.978889465332031|
|0|827|0.978125|0.433|5.401578187942505|
|0|828|0.978125|0.187|8.186185598373413|
|0|829|0.978125|0.171|7.627346754074097|
06-10 23:28|0|830|0.978125|0.176|13.320876598358154|
|0|831|0.978125|0.196|8.314937591552734|
|0|832|0.978125|0.225|7.609637498855591|
|0|833|0.978125|0.182|8.43595552444458|
|0|834|0.978125|0.202|9.348406791687012|
|0|835|0.978125|0.177|5.637819766998291|
06-10 23:29|0|836|0.978125|0.193|6.868396759033203|
|0|837|0.978125|0.182|4.075699090957642|
|0|838|0.978125|0.186|7.740007400512695|
|0|839|0.978125|0.157|8.933152675628662|
|0|840|0.98125|0.186|7.141156196594238|
|0|841|0.98125|0.19|5.221115350723267|
|0|842|0.98125|0.414|16.331090211868286|
06-10 23:30|0|843|0.9796875|0.619|8.1748206615448|
|0|844|0.9828125|0.728|5.803215980529785|
|0|845|0.9828125|0.181|7.805378913879394|
|0|846|0.9828125|0.215|7.1863884925842285|
|0|847|0.9828125|0.171|8.136234760284424|
|0|848|0.9828125|0.212|7.135119199752808|
|0|849|0.9828125|0.177|12.805028200149536|
06-10 23:31|0|850|0.9828125|0.211|7.881396770477295|
|0|851|0.9828125|0.172|5.987619400024414|
|0|852|0.9828125|0.167|7.694932699203491|
|0|853|0.98125|0.507|33.667338848114014|
06-10 23:32|0|854|0.98125|0.379|9.081164121627808|
|0|855|0.98125|0.611|22.624115228652958|
|0|856|0.98125|0.242|10.927778482437134|
|0|857|0.98125|0.207|4.7266621589660645|
|0|858|0.98125|0.197|8.44371771812439|
06-10 23:33|0|859|0.9828125|0.203|8.164194822311401|
|0|860|0.9828125|0.219|8.021901845932007|
|0|861|0.9828125|0.183|6.792005062103272|
|0|862|0.9828125|0.172|12.29339075088501|
06-10 23:34|0|863|0.9828125|0.235|26.29051399230957|
|0|864|0.9828125|0.192|7.839929580688477|
|0|865|0.9828125|0.221|8.852552652359009|
|0|866|0.9828125|0.597|6.685603857040405|
|0|867|0.9828125|0.789|27.645313024520878|
06-10 23:35|0|868|0.9828125|0.696|12.267303466796877|
|0|869|0.9828125|0.008|5.407087087631226|
|0|870|0.9828125|0.177|8.223987579345703|
|0|871|0.9828125|0.67|5.82442045211792|
|0|872|0.984375|0.353|7.145553112030029|
|0|873|0.984375|0.893|7.568844795227051|
|0|874|0.984375|0.639|5.943371534347534|
06-10 23:36|0|875|0.984375|0.893|5.931647777557373|
|0|876|0.984375|0.189|7.277045488357544|
|0|877|0.984375|0.199|6.950321435928345|
|0|878|0.984375|0.565|4.072711229324341|
|0|879|0.984375|0.184|5.9408345222473145|
|0|880|0.984375|0.882|6.579551935195923|
|0|881|0.984375|0.199|7.399880647659302|
|0|882|0.984375|0.864|5.662925958633423|
06-10 23:37|0|883|0.984375|0.888|21.81026935577393|
|0|884|0.984375|0.888|6.795438289642334|
|0|885|0.984375|0.58|7.397675275802612|
06-10 23:38|0|886|0.984375|0.174|32.320688009262085|
|0|887|0.984375|0.546|27.11320734024048|
|0|888|0.984375|0.208|16.439424991607666|
06-10 23:39|0|889|0.984375|0.217|6.579358100891113|
|0|890|0.984375|0.555|17.30541729927063|
|0|891|0.984375|0.739|6.330361366271973|
06-10 23:40|0|892|0.984375|0.205|31.021286249160767|
|0|893|0.984375|0.179|20.12124013900757|
|0|894|0.984375|0.885|15.578452110290527|
|0|895|0.984375|0.172|6.646726608276367|
06-10 23:41|0|896|0.984375|0.199|23.68408966064453|
|0|897|0.984375|0.192|3.781942367553711|
|0|898|0.984375|0.525|4.610122919082642|
|0|899|0.984375|0.398|8.321078777313232|
|0|900|0.984375|0.63|18.068830966949463|
06-10 23:42|0|901|0.984375|0.655|12.014426231384276|
|0|902|0.984375|0.838|19.54178786277771|
|0|903|0.984375|0.602|15.91365647315979|
06-10 23:43|0|904|0.984375|0.821|21.545804977416992|
|0|905|0.984375|0.209|17.03763461112976|
|0|906|0.984375|0.38|22.295758724212646|
|0|907|0.984375|0.196|4.141345977783203|
06-10 23:44|0|908|0.984375|0.555|7.820496320724487|
|0|909|0.984375|0.908|12.330925464630129|
|0|910|0.984375|0.197|16.66644287109375|
|0|911|0.984375|0.647|17.499093770980835|
06-10 23:45|0|912|0.984375|0.566|8.880347728729248|
|0|913|0.984375|0.851|10.024128437042236|
|0|914|0.984375|0.191|8.942615032196045|
|0|915|0.984375|0.156|3.538400411605835|
|0|916|0.984375|0.712|10.534654140472412|
|0|917|0.984375|0.209|9.409198999404907|
|0|918|0.984375|0.323|6.446075677871704|
06-10 23:46|0|919|0.984375|0.187|6.766187906265259|
|0|920|0.984375|0.576|3.4078524112701416|
|0|921|0.984375|0.157|13.311872959136965|
|0|922|0.9828125|0.571|19.24086046218872|
|0|923|0.984375|0.608|3.044823169708252|
06-10 23:47|0|924|0.984375|0.182|13.683850049972534|
|0|925|0.984375|0.862|14.334975719451904|
|0|926|0.984375|0.228|7.492032766342163|
|0|927|0.984375|0.25|4.396152257919312|
|0|928|0.984375|0.374|6.346648693084717|
|0|929|0.984375|0.555|10.178722858428957|
06-10 23:48|0|930|0.984375|0.878|22.417672395706177|
|0|931|0.984375|0.888|21.677455186843872|
|0|932|0.984375|0.174|7.053938388824463|
|0|933|0.984375|0.21|7.701533079147339|
|0|934|0.984375|0.182|2.080516815185547|
|0|935|0.984375|0.235|2.684545993804932|
06-10 23:49|0|936|0.984375|0.105|4.980478763580322|
|0|937|0.984375|0.06|8.281127691268921|
|0|938|0.984375|0.245|6.458142280578613|
|0|939|0.984375|0.862|4.127610445022583|
|0|940|0.984375|0.225|12.130921840667725|
|0|941|0.984375|0.39|6.153952598571777|
|0|942|0.984375|0.182|5.857835292816162|
|0|943|0.984375|0.204|5.962958335876465|
06-10 23:50|0|944|0.984375|0.204|4.112545490264893|
|0|945|0.984375|0.193|9.520864486694336|
|0|946|0.984375|0.03|2.447589635848999|
|0|947|0.984375|0.785|3.70210337638855|
|0|948|0.984375|0.22|5.14456033706665|
|0|949|0.984375|0.215|4.571460723876953|
|0|950|0.984375|0.214|5.011002779006958|
|0|951|0.984375|0.619|5.151913642883301|
|0|952|0.984375|0.572|6.4235429763793945|
|0|953|0.984375|0.564|2.230405569076538|
06-10 23:51|0|954|0.984375|0.126|2.734938859939575|
|0|955|0.984375|0.204|2.8746395111083984|
|0|956|0.984375|0.179|5.747295379638672|
|0|957|0.984375|0.072|5.3712217807769775|
|0|958|0.9859375|0.182|1.8589999675750728|
|0|959|0.9859375|0.167|2.3707194328308105|
|0|960|0.9859375|0.721|0.0001637935638427|
06-10 23:51:25 INFO     [exp] seed 0: |checkerboard-spal-zhan-vr-zhan-zhan-RS_noFix_scale End|||||
